col0,col1,col2,col3
Loesser,English,Loesser,Loesser
Pomerene,English,Pomerene,Pomerene
Sholes,English,Sholes,Sholes
Bailyn,English,Bailyn,Bailyn
Johnson-Laird,English,Johnson-Laird,Johnson-Laird
Tormé,English,Tormé,Tormé
Thorneycroft,English,Thorneycroft,Thorneycroft
Pennewill,English,Pennewill,Pennewill
Epworth,English,Epworth,Epworth
Sigsworth,English,Sigsworth,Sigsworth
Stanfill,English,Stanfill,Stanfill
Munnings,English,Munnings,Munnings
Seton-Watson,English,Seton-Watson,Seton-Watson
Greengard,English,Greengard,Greengard
McCourt,English,McCourt,McCourt
