col0,col1,col2,col3
Wenzel,Wenzel,given name,Wenzel
Caldwell,Caldwell,given name,Caldwell
Na,Na,given name,Na
Lurleen,Lurleen,given name,Lurline
Lurline,Lurline,given name,Lurleen
Hussain,Hussein,given name,Hussein
Alarich,Alaric,given name,Alaric
Hussain,Hussein,family name,Hussein
Helgi,Helgi,unisex name,Helge
Curtiss,Curtiss,given name,Curtis
Quincey,Quincey,given name,Quentin
Bel,Bel,given name,Belle
Day,Day,given name,Dai
