col0,col1,col2,col3,col4,col5
Peyton,Peyton,English,Payton,Peyton,female given name
Dottie,Dottie,English,Dot,Dottie,hypocorism
Beverly,Beverly,English,Beverley,Beverly,female given name
Theodora,Theodora,Dutch,Teodora,Theodora,female given name
Joan,Joan,English,Hannelore,Joan,female given name
Noelle,Noelle,English,Noel,Noelle,female given name
Kathleen,Kathleen,English,Cathleen,Kathleen,female given name
Mary Ann,Mary Ann,English,Miriam,Mary Ann,double name
Margaret,Margaret,English,Maisie,Margaret,female given name
