col0,col1,col2,col3
Simeon,Symon,Simeón,Wikimedia human name disambiguation page
Glenn,Glen,Glenn,Wikimedia human name disambiguation page
Paco Peña,Francisco Peña,Paco Peña,Wikimedia human name disambiguation page
Melchior,Melker,Melchior,Wikimedia human name disambiguation page
Ernst,Ernest,Ernst,Wikimedia human name disambiguation page
Juan Manuel,Joan Manuel,Juan Manuel,Wikimedia human name disambiguation page
Adam Horowitz,Adam Horovitz,Adam Horowitz,Wikimedia human name disambiguation page
Johnny Malone,John Malone,Johnny Malone,Wikimedia human name disambiguation page
John Malone,Johnny Malone,John C. Malone,Wikimedia human name disambiguation page
Julià,Julia,Julià,Wikimedia list of persons by surname (P734)
Macías,Macias,Macías,Wikimedia human name disambiguation page
Julià,Julia,Julià,Wikimedia human name disambiguation page
Jordi,George,Jordi,Wikimedia human name disambiguation page
Eusebi,Eusebio,Eusebi,Wikimedia human name disambiguation page
