col0,col1,col2,col3
Coy,Coy,Coy,English
Aldous,Aldous,Aldous,English
Asley,Asley,Asley,English
Ronald William,Ronald William,Ronald,English
Stedman,Stedman,Stedman,English
Arnell,Arnell,Arnell,English
Booker,Booker,Booker,English
Gatewood,Gatewood,Gatewood,English
Mercury,Mercury,Mercury,English
Bransby,Bransby,Bransby,English
Hammett,Hammett,Hammett,English
Hilliard,Hilliard,Hilliard,English
