col0,col1,col2,col3
Tassie,Tassie,unisex name,Tassie
Hollis,Hollis,unisex name,Hollis
Pringle,Pringle,unisex name,Pringle
Bev,Bev,unisex name,Bev
Lane,Lane,unisex name,Lane
Colby,Colby,unisex name,Colby
Scotty,Scotty,hypocorism,Scotty
Bev,Bev,hypocorism,Bev
Lane,Lane,given name,Lane
Divine,Divine,unisex name,Divine
