col0,col1,col2,col3
Robert Lee,Robert Lee,Robert Lee,Robert
Joseph Lee,Joseph Lee,Joseph Lee,Lee
Robert Lee,Robert Lee,Robert Lee,Lee
Justin James,Justin James,Justin James,James
James Newton,James Newton,James Newton,James
James Patrick,James Patrick,James Patrick,James
Joseph Lee,Joseph Lee,Joseph Lee,Joseph
