col0,col1,col2,col3
Francis John Shepherd Fonds,Francis John Shepherd Fonds,fonds,fonds
Robert Howard Fonds,Robert Howard Fonds,fonds,fonds
Harry C. Cunningham Fonds,Harry C. Cunningham Fonds,fonds,fonds
John Rowand Fonds,John Rowand Fonds,fonds,fonds
John Symonds Fonds,John Symonds Fonds,fonds,fonds
Philip Franklin Fonds,Philip Franklin Fonds,fonds,fonds
Allan McMillan Fonds,Allan McMillan Fonds,fonds,fonds
Thomas Gibson Fonds,Thomas Gibson Fonds,fonds,fonds
Arthur Adderly Browne Fonds,Arthur Adderly Browne Fonds,fonds,fonds
Oskar Cameron Grüner Fonds,Oskar Cameron Grüner Fonds,fonds,fonds
Edward William Archibald Fonds,Edward William Archibald Fonds,fonds,fonds
Alphonse Allard Fonds,Alphonse Allard Fonds,fonds,fonds
American Osler Society Fonds,American Osler Society Fonds,fonds,fonds
