col0,col1,col2,col3
Calverley & Farsley,United Kingdom,2018-05-03,Calverley & Farsley
Otley & Yeadon,United Kingdom,2018-05-03,Otley & Yeadon
Rothwell,United Kingdom,2018-05-03,Rothwell
Farnley & Wortley,United Kingdom,2018-05-03,Farnley & Wortley
Kirkstall,United Kingdom,2018-05-03,Kirkstall
Weetwood,United Kingdom,2018-05-03,Weetwood
Gipton & Harehills,United Kingdom,2018-05-03,Gipton & Harehills
Adel & Wharfedale,United Kingdom,2018-05-03,Adel & Wharfedale
