col0,col1,col2,col3
Bolingbroke,Bolingbroke,Bolingbroke,Latin script
Western,Western,Western,Latin script
Hastie,Hastie,Hastie,Latin script
Feltham,Feltham,Feltham,Latin script
Lawrance,Lawrance,Lawrance,Latin script
Gooderham,Gooderham,Gooderham,Latin script
Leeming,Leeming,Leeming,Latin script
Ridgely,Ridgely,Ridgely,Latin script
Shelden,Shelden,Shelden,Latin script
Gillean,Gillean,Gillean,Latin script
Stenhouse,Stenhouse,Stenhouse,Latin script
Gilly,Gilly,Gilly,Latin script
