col0,col1,col2,col3
Paramor,English,Paramor,Paramor
Foxton,English,Foxton,Foxton
Joske,German,Joske,Joske
Colebatch,English,Colebatch,Colebatch
Big Snake,English,Big Snake,Big Snake
Ezrin,English,Ezrin,Ezrin
Sweets,English,Sweets,Sweets
Poxleitner,English,Poxleitner,Poxleitner
McCarran,English,McCarran,McCarran
Blaxland,English,Blaxland,Blaxland
O'Meara,English,O’Meara,O'Meara
La Trobe,English,La Trobe,La Trobe
