col0,col1,col2,col3
Sidney Janis Galler{,Sidney Janis,Sidney Janis,1948/01/01
gaerie Georges Petit,Georges Petit,Georges Petit,1881/01/01
Bernhgimer Fine Old Masters,Lehmann Bernheimer,Konrad O. Bernheimer,1864/01/01
Mayoral#Gallery,Manel Mayoral,Manel Mayoral,1989/01/01
