col0,col1,col2,col3
Dumeticola mandelli,protonym,species,Dumeticola
Matuta miersii,protonym,species,Matuta
Ecklonia bicyclis,basionym,species,Ecklonia
Sesarma lafondii,protonym,species,Sesarma
Atya wyckii,protonym,species,Atya
Pagurus setifer,protonym,species,Pagurus
Grallaria flavirostris,protonym,species,Grallaria
Hippolyte gaimardii,protonym,species,Hippolyte
Hippolyte cranchii,protonym,species,Hippolyte
Fringilla arborea,protonym,species,Fringilla
Colius indicus,protonym,species,Colius
Zosterops auriventer,protonym,species,Zosterops
Barbus cumingii,protonym,species,Barbus
