col0,col1,col2,col3
Fiset Miller Vinois Warren & Associates,Fiset Miller Vinois Warren & Associates,fonds,fonds
Jerry Miller,Jerry Miller,fonds,fonds
Peter Collins,Peter Collins,fonds,fonds
Patrick McG. Stoker,Patrick McG. Stoker,fonds,fonds
H. Ross Wiggs,H. Ross Wiggs,fonds,fonds
Harry Stilman,Harry Stilman,fonds,fonds
Bobrow Architects,Bobrow Architects,fonds,fonds
Henry Saxon Snell,Henry Saxon Snell,fonds,fonds
Spence and Mathias,Spence and Mathias,fonds,fonds
Barott and Blackader fonds,Barott and Blackader fonds,fonds,fonds
F. David Mathias,F. David Mathias,fonds,fonds
Finley and Spence,Finley and Spence,fonds,fonds
Smythe and Schyberg,Smythe and Schyberg,fonds,fonds
Moshe Safdie,Moshe Safdie,fonds,fonds
