col0,col1,col2,col3
Atis,ATIS,Atis,Wikimedia human name disambiguation page
Abd al-Aziz,Abdul Aziz,Abd al-Aziz,Wikimedia human name disambiguation page
Andreas,Andrea,Andreas,Wikimedia human name disambiguation page
Miguel Ângelo,Miguel Ángel,Miguel Ângelo,Wikimedia human name disambiguation page
Umar,Omer,Umar,Wikimedia human name disambiguation page
Víctor Díaz,Víctor Hugo Díaz,Víctor Díaz,Wikimedia human name disambiguation page
Miguel Ángel García,Miguel García,Miguel Ángel García,Wikimedia human name disambiguation page
Mariño,Marino,Mariño,Wikimedia human name disambiguation page
Marcos Rodríguez,Marco Rodríguez,Marco Rodríguez,Wikimedia human name disambiguation page
