col0,col1,col2,col3
Fosbery,English,Fosbery,Fosbery
Effingham,English,Effingham,Effingham
Margallo,English,Margallo,Margallo
Mundelein,English,Mundelein,Mundelein
Kina,English,Kina,Kina
Amherst,English,Amherst,Amherst
Collender,English,Collender,Collender
Broadwood,English,Broadwood,Broadwood
Lanin,English,Lanin,Lanin
Thicknesse,English,Thicknesse,Thicknesse
Faithfull,English,Faithfull,Faithfull
