col0,col1,col2,col3
Frederick William,Frédéric-Guillaume,Frederick William,Wikimedia human name disambiguation page
William Ernest,Wilhelm Ernst,William Ernest,Wikimedia human name disambiguation page
Joan Carles,Juan Carlos,Joan Carles,Wikimedia human name disambiguation page
André Luiz,André Luís,André Luiz,Wikimedia human name disambiguation page
Billy Graham,Bill Graham,Superstar Billy Graham,Wikimedia human name disambiguation page
