col0,col1,col2,col3
Albac,Pug,Albac,UTC+02:00
Bran,Pran,Bran,UTC+02:00
Bârna,Pirna,Bârna,UTC+02:00
Schela,Scilla,Schela,UTC+03:00
Cerăt,Sirat,Cerăt,UTC+03:00
Suraia,Suriya,Suraia,UTC+03:00
Schela,Scilla,Schela,UTC+02:00
Cerăt,Sirat,Cerăt,UTC+02:00
Suraia,Suriya,Suraia,UTC+02:00
Motoșeni,Motoșeni,Motoșeni,UTC+03:00
Borod,Borod,Borod,UTC+03:00
Motoșeni,Motoșeni,Motoșeni,UTC+02:00
Borod,Borod,Borod,UTC+02:00
Adășeni,Adășeni,Adășeni,UTC+03:00
