col0,col1,col2,col3
Kiely,Kiely,Kiely,Latin script
Goldsmid,Goldsmid,Goldsmid,Latin script
Davys,Davys,Davys,Latin script
Miers,Miers,Miers,Latin script
Brainerd,Brainerd,Brainerd,Latin script
Spring,Spring,Spring,Latin script
Stanner,Stanner,Stanner,Latin script
Tennyson,Tennyson,Tennyson,Latin script
Pelham,Pelham,Pelham,Latin script
Lanford,Lanford,Lanford,Latin script
Shankland,Shankland,Shankland,Latin script
