col0,col1,col2,col3
Garfield,Garfield,Garfield,English
Chandos,Chandos,Chandos,English
Lindon,Lindon,Lindon,English
Desmond,Desmond,Desmond,English
Hank,Hank,Hank,English
Murray,Murray,Murray,English
Hamilton,Hamilton,Hamilton,English
Andrew,Andrew,Andrew,English
Woody,Woody,Woody,English
