col0,col1,col2,col3
Zane Taylor,Taylor,Ethan Cohn,Zane
Caspar Abraham,Abraham,Pruitt Taylor Vince,Caspar
Claude Rains,Rains,Christopher Eccleston,Claude
Maury Parkman,Parkman,Alan Blumenfeld,Maury
Hiro Nakamura,Nakamura,Masi Oka,Hiro
Charlie Andrews,Andrews,Jayma Mays,Charlie
Micah Sanders,Sanders,Noah Gray-Cabey,Micah
Daniel Linderman,Linderman,Malcolm McDowell,Daniel
