col0,col1,col2,col3
Luis Miguel Rodríguez,Miguel Rodríguez,Luis Miguel Rodríguez,Wikimedia human name disambiguation page
Julio Rodríguez,Julio César Rodríguez,Julio Rodríguez,Wikimedia human name disambiguation page
José María López,José López,José María López,Wikimedia human name disambiguation page
José Luis Pérez,José Pérez,José Luis Pérez,Wikimedia human name disambiguation page
Cabré,Cabre,Cabré,Wikimedia human name disambiguation page
Andy Williams,Andrew Williams,Andy Williams,Wikimedia human name disambiguation page
Juan Carlos Blanco,Carlos Blanco,Juan Carlos Blanco Peñalva,Wikimedia human name disambiguation page
