col0,col1,col2,col3,col4
Măcin,Măcin,UTC+02:00,Măcin,8245
Copșa Mică,Copșa Mică,UTC+02:00,Copșa Mică,5404
Cisnădie,Cisnădie,UTC+02:00,Cisnădie,13838
Gura Humorului,Gura Humorului,UTC+02:00,Gura Humorului,12985
Sânnicolau Mare,Sânnicolau Mare,UTC+02:00,Sânnicolau Mare,12312
Avrig,Avrig,UTC+02:00,Avrig,8637
Negrești-Oaș,Negrești-Oaș,UTC+02:00,Negrești-Oaș,10334
