col0,col1,col2,col3
Ole,Ole,Olsen,OLE
Cornelis,Cornelis,Corneliszoon,Cornelis
Ragnar,Ragnar,Ragnarsson,Ragnar
Johan,Johan,Johansson,Johan
Ivan,Ivan,Ivanovna,Ivan
Maimon,Maimon,ben Maimon,Maimon
Johan,Johan,Johansson,Johan
Inge,Inge,Ingesson,Inge
Pavel,Pavel,Pavlovna,Pavel
