col0,col1,col2
UZKE0,161996,"salmón, losos obecný, Lachs, Atlantic salmon, Atlantic Salmon, Black Salmon, salmon, lohi, saumon, laks, zalm, losos obecný, Lachs, Atlantic salmon, Atlantic Salmon, Black Salmon, salmon, lohi, saumon, laks, zalm, losos obecný, Lachs, Atlantic salmon, Atlantic Salmon, Black Salmon, salmon, lohi, saumon, laks, zalm, losos obecný, Lachs, Atlantic salmon, Atlantic Salmon, Black Salmon, salmon, lohi, saumon, laks, zalm, losos obecný, Lachs, Atlantic salmon, Atlantic Salmon, Black Salmon, salmon, lohi, saumon, laks, zalm, losos obecný, Lachs, Atlantic salmon, Atlantic Salmon, Black Salmon, salmon, lohi, saumon, laks, zalm, losos obecný, Lachs, Atlantic salmon, Atlantic Salmon, Black Salmon, salmon, lohi, saumon, laks, zalm, losos obecný, Lachs, Atlantic salmon, Atlantic Salmon, Black Salmon, salmon, lohi, saumon, laks, zalm"
UZKE1,161975,"salmón arrosáu, Pink Salmon, kyttyrälohi, pukkellaks, Pink Salmon, kyttyrälohi, pukkellaks, Pink Salmon, kyttyrälohi, pukkellaks, Pink Salmon, kyttyrälohi, pukkellaks, Pink Salmon, kyttyrälohi, pukkellaks, Pink Salmon, kyttyrälohi, pukkellaks, Pink Salmon, kyttyrälohi, pukkellaks, Pink Salmon, kyttyrälohi, pukkellaks"
UZKE2,164744,"Haddock, Bourricot, Âne, Anon, Saint-pierre, agrafín, Schellfisch, haddock, Eglefino, Aiglefin, Calever, Eglefin, églefin, Églefin, Habillot, hyse, schelvis, Bourricot, Âne, Anon, Saint-pierre, agrafín, Schellfisch, haddock, Eglefino, Aiglefin, Calever, Eglefin, églefin, Églefin, Habillot, hyse, schelvis, Bourricot, Âne, Anon, Saint-pierre, agrafín, Schellfisch, haddock, Eglefino, Aiglefin, Calever, Eglefin, églefin, Églefin, Habillot, hyse, schelvis, Bourricot, Âne, Anon, Saint-pierre, agrafín, Schellfisch, haddock, Eglefino, Aiglefin, Calever, Eglefin, églefin, Églefin, Habillot, hyse, schelvis"
UZKE3,161979,"salmón bermeyu, red salmon, Sockey Salmon, sockeye salmon, Sockeye Salmon, punalohi, rødlaks, red salmon, Sockey Salmon, sockeye salmon, Sockeye Salmon, punalohi, rødlaks, red salmon, Sockey Salmon, sockeye salmon, Sockeye Salmon, punalohi, rødlaks, red salmon, Sockey Salmon, sockeye salmon, Sockeye Salmon, punalohi, rødlaks, red salmon, Sockey Salmon, sockeye salmon, Sockeye Salmon, punalohi, rødlaks, red salmon, Sockey Salmon, sockeye salmon, Sockeye Salmon, punalohi, rødlaks, red salmon, Sockey Salmon, sockeye salmon, Sockeye Salmon, punalohi, rødlaks, red salmon, Sockey Salmon, sockeye salmon, Sockeye Salmon, punalohi, rødlaks"
UZKE4,161980,"Chinook, salmón real, chinook salmon, Chinook salmon, Chinook Salmon, king salmon, kuningaslohi, tshawytscha, salmón real, chinook salmon, Chinook salmon, Chinook Salmon, king salmon, kuningaslohi, tshawytscha, salmón real, chinook salmon, Chinook salmon, Chinook Salmon, king salmon, kuningaslohi, tshawytscha, salmón real, chinook salmon, Chinook salmon, Chinook Salmon, king salmon, kuningaslohi, tshawytscha, salmón real, chinook salmon, Chinook salmon, Chinook Salmon, king salmon, kuningaslohi, tshawytscha, salmón real, chinook salmon, Chinook salmon, Chinook Salmon, king salmon, kuningaslohi, tshawytscha, salmón real, chinook salmon, Chinook salmon, Chinook Salmon, king salmon, kuningaslohi, tshawytscha, salmón real, chinook salmon, Chinook salmon, Chinook Salmon, king salmon, kuningaslohi, tshawytscha"
UZKE5,161977,"salmón platiáu, coho salmon, Coho salmon, Coho Salmon, hopealohi, cohozalm, coho salmon, Coho salmon, Coho Salmon, hopealohi, cohozalm, coho salmon, Coho salmon, Coho Salmon, hopealohi, cohozalm, coho salmon, Coho salmon, Coho Salmon, hopealohi, cohozalm, coho salmon, Coho salmon, Coho Salmon, hopealohi, cohozalm, coho salmon, Coho salmon, Coho Salmon, hopealohi, cohozalm, coho salmon, Coho salmon, Coho Salmon, hopealohi, cohozalm, coho salmon, Coho salmon, Coho Salmon, hopealohi, cohozalm"
UZKE6,161976,"Calico salmon, chum salmon, Chum salmon, Chum Salmon, koiralohi, ketalaks, chum salmon, Chum salmon, Chum Salmon, koiralohi, ketalaks, chum salmon, Chum salmon, Chum Salmon, koiralohi, ketalaks, chum salmon, Chum salmon, Chum Salmon, koiralohi, ketalaks, chum salmon, Chum salmon, Chum Salmon, koiralohi, ketalaks, chum salmon, Chum salmon, Chum Salmon, koiralohi, ketalaks, chum salmon, Chum salmon, Chum Salmon, koiralohi, ketalaks, chum salmon, Chum salmon, Chum Salmon, koiralohi, ketalaks"
