col0,col1,col2,col3,col4,col5
SVEL0,WikiProject Invasion Biology,species,161996,"salmón, losos obecný, Lachs, Atlantic salmon, Atlantic Salmon, Black Salmon, salmon, lohi, saumon, laks, zalm, losos obecný, Lachs, Atlantic salmon, Atlantic Salmon, Black Salmon, salmon, lohi, saumon, laks, zalm, losos obecný, Lachs, Atlantic salmon, Atlantic Salmon, Black Salmon, salmon, lohi, saumon, laks, zalm, losos obecný, Lachs, Atlantic salmon, Atlantic Salmon, Black Salmon, salmon, lohi, saumon, laks, zalm, losos obecný, Lachs, Atlantic salmon, Atlantic Salmon, Black Salmon, salmon, lohi, saumon, laks, zalm",Salmo
SVEL1,WikiProject Invasion Biology,species,161975,"salmón arrosáu, Pink Salmon, kyttyrälohi, pukkellaks, Pink Salmon, kyttyrälohi, pukkellaks, Pink Salmon, kyttyrälohi, pukkellaks, Pink Salmon, kyttyrälohi, pukkellaks, Pink Salmon, kyttyrälohi, pukkellaks",Oncorhynchus
SVEL2,WikiProject Invasion Biology,species,161979,"salmón bermeyu, red salmon, Sockey Salmon, sockeye salmon, Sockeye Salmon, punalohi, rødlaks, red salmon, Sockey Salmon, sockeye salmon, Sockeye Salmon, punalohi, rødlaks, red salmon, Sockey Salmon, sockeye salmon, Sockeye Salmon, punalohi, rødlaks, red salmon, Sockey Salmon, sockeye salmon, Sockeye Salmon, punalohi, rødlaks, red salmon, Sockey Salmon, sockeye salmon, Sockeye Salmon, punalohi, rødlaks",Oncorhynchus
SVEL3,WikiProject Invasion Biology,species,161980,"Chinook, salmón real, chinook salmon, Chinook salmon, Chinook Salmon, king salmon, kuningaslohi, tshawytscha, salmón real, chinook salmon, Chinook salmon, Chinook Salmon, king salmon, kuningaslohi, tshawytscha, salmón real, chinook salmon, Chinook salmon, Chinook Salmon, king salmon, kuningaslohi, tshawytscha, salmón real, chinook salmon, Chinook salmon, Chinook Salmon, king salmon, kuningaslohi, tshawytscha, salmón real, chinook salmon, Chinook salmon, Chinook Salmon, king salmon, kuningaslohi, tshawytscha",Oncorhynchus
SVEL4,WikiProject Invasion Biology,species,161977,"salmón platiáu, coho salmon, Coho salmon, Coho Salmon, hopealohi, cohozalm, coho salmon, Coho salmon, Coho Salmon, hopealohi, cohozalm, coho salmon, Coho salmon, Coho Salmon, hopealohi, cohozalm, coho salmon, Coho salmon, Coho Salmon, hopealohi, cohozalm, coho salmon, Coho salmon, Coho Salmon, hopealohi, cohozalm",Oncorhynchus
SVEL5,WikiProject Invasion Biology,species,161976,"Calico salmon, chum salmon, Chum salmon, Chum Salmon, koiralohi, ketalaks, chum salmon, Chum salmon, Chum Salmon, koiralohi, ketalaks, chum salmon, Chum salmon, Chum Salmon, koiralohi, ketalaks, chum salmon, Chum salmon, Chum Salmon, koiralohi, ketalaks, chum salmon, Chum salmon, Chum Salmon, koiralohi, ketalaks",Oncorhynchus
