col0,col1,col2,col3,col4
CJRM0,species,161996,"salmón, losos obecný, Lachs, Atlantic salmon, Atlantic Salmon, Black Salmon, salmon, lohi, saumon, laks, zalm, losos obecný, Lachs, Atlantic salmon, Atlantic Salmon, Black Salmon, salmon, lohi, saumon, laks, zalm, losos obecný, Lachs, Atlantic salmon, Atlantic Salmon, Black Salmon, salmon, lohi, saumon, laks, zalm, losos obecný, Lachs, Atlantic salmon, Atlantic Salmon, Black Salmon, salmon, lohi, saumon, laks, zalm, losos obecný, Lachs, Atlantic salmon, Atlantic Salmon, Black Salmon, salmon, lohi, saumon, laks, zalm, losos obecný, Lachs, Atlantic salmon, Atlantic Salmon, Black Salmon, salmon, lohi, saumon, laks, zalm, losos obecný, Lachs, Atlantic salmon, Atlantic Salmon, Black Salmon, salmon, lohi, saumon, laks, zalm",Salmo
CJRM1,species,161975,"salmón arrosáu, Pink Salmon, kyttyrälohi, pukkellaks, Pink Salmon, kyttyrälohi, pukkellaks, Pink Salmon, kyttyrälohi, pukkellaks, Pink Salmon, kyttyrälohi, pukkellaks, Pink Salmon, kyttyrälohi, pukkellaks, Pink Salmon, kyttyrälohi, pukkellaks, Pink Salmon, kyttyrälohi, pukkellaks",Oncorhynchus
CJRM2,species,164744,"Haddock, Bourricot, Âne, Anon, Saint-pierre, agrafín, Schellfisch, haddock, Eglefino, Aiglefin, Calever, Eglefin, églefin, Églefin, Habillot, hyse, schelvis, Bourricot, Âne, Anon, Saint-pierre, agrafín, Schellfisch, haddock, Eglefino, Aiglefin, Calever, Eglefin, églefin, Églefin, Habillot, hyse, schelvis, Bourricot, Âne, Anon, Saint-pierre, agrafín, Schellfisch, haddock, Eglefino, Aiglefin, Calever, Eglefin, églefin, Églefin, Habillot, hyse, schelvis",Melanogrammus
CJRM3,species,161979,"salmón bermeyu, red salmon, Sockey Salmon, sockeye salmon, Sockeye Salmon, punalohi, rødlaks, red salmon, Sockey Salmon, sockeye salmon, Sockeye Salmon, punalohi, rødlaks, red salmon, Sockey Salmon, sockeye salmon, Sockeye Salmon, punalohi, rødlaks, red salmon, Sockey Salmon, sockeye salmon, Sockeye Salmon, punalohi, rødlaks, red salmon, Sockey Salmon, sockeye salmon, Sockeye Salmon, punalohi, rødlaks, red salmon, Sockey Salmon, sockeye salmon, Sockeye Salmon, punalohi, rødlaks, red salmon, Sockey Salmon, sockeye salmon, Sockeye Salmon, punalohi, rødlaks",Oncorhynchus
CJRM4,species,161980,"Chinook, salmón real, chinook salmon, Chinook salmon, Chinook Salmon, king salmon, kuningaslohi, tshawytscha, salmón real, chinook salmon, Chinook salmon, Chinook Salmon, king salmon, kuningaslohi, tshawytscha, salmón real, chinook salmon, Chinook salmon, Chinook Salmon, king salmon, kuningaslohi, tshawytscha, salmón real, chinook salmon, Chinook salmon, Chinook Salmon, king salmon, kuningaslohi, tshawytscha, salmón real, chinook salmon, Chinook salmon, Chinook Salmon, king salmon, kuningaslohi, tshawytscha, salmón real, chinook salmon, Chinook salmon, Chinook Salmon, king salmon, kuningaslohi, tshawytscha, salmón real, chinook salmon, Chinook salmon, Chinook Salmon, king salmon, kuningaslohi, tshawytscha",Oncorhynchus
CJRM5,species,161977,"salmón platiáu, coho salmon, Coho salmon, Coho Salmon, hopealohi, cohozalm, coho salmon, Coho salmon, Coho Salmon, hopealohi, cohozalm, coho salmon, Coho salmon, Coho Salmon, hopealohi, cohozalm, coho salmon, Coho salmon, Coho Salmon, hopealohi, cohozalm, coho salmon, Coho salmon, Coho Salmon, hopealohi, cohozalm, coho salmon, Coho salmon, Coho Salmon, hopealohi, cohozalm, coho salmon, Coho salmon, Coho Salmon, hopealohi, cohozalm",Oncorhynchus
CJRM6,species,161976,"Calico salmon, chum salmon, Chum salmon, Chum Salmon, koiralohi, ketalaks, chum salmon, Chum salmon, Chum Salmon, koiralohi, ketalaks, chum salmon, Chum salmon, Chum Salmon, koiralohi, ketalaks, chum salmon, Chum salmon, Chum Salmon, koiralohi, ketalaks, chum salmon, Chum salmon, Chum Salmon, koiralohi, ketalaks, chum salmon, Chum salmon, Chum Salmon, koiralohi, ketalaks, chum salmon, Chum salmon, Chum Salmon, koiralohi, ketalaks",Oncorhynchus
