col0,col1,col2,col3,col4,col5
VSOO0,Salmo salar,WikiProject Invasion Biology,species,161996,"salmón, losos obecný, Lachs, Atlantic salmon, Atlantic Salmon, Black Salmon, salmon, lohi, saumon, laks, zalm, losos obecný, Lachs, Atlantic salmon, Atlantic Salmon, Black Salmon, salmon, lohi, saumon, laks, zalm"
VSOO1,Oncorhynchus gorbuscha,WikiProject Invasion Biology,species,161975,"salmón arrosáu, Pink Salmon, kyttyrälohi, pukkellaks, Pink Salmon, kyttyrälohi, pukkellaks"
VSOO2,Oncorhynchus nerka,WikiProject Invasion Biology,species,161979,"salmón bermeyu, red salmon, Sockey Salmon, sockeye salmon, Sockeye Salmon, punalohi, rødlaks, red salmon, Sockey Salmon, sockeye salmon, Sockeye Salmon, punalohi, rødlaks"
VSOO3,Oncorhynchus tshawytscha,WikiProject Invasion Biology,species,161980,"Chinook, salmón real, chinook salmon, Chinook salmon, Chinook Salmon, king salmon, kuningaslohi, tshawytscha, salmón real, chinook salmon, Chinook salmon, Chinook Salmon, king salmon, kuningaslohi, tshawytscha"
VSOO4,Oncorhynchus kisutch,WikiProject Invasion Biology,species,161977,"salmón platiáu, coho salmon, Coho salmon, Coho Salmon, hopealohi, cohozalm, coho salmon, Coho salmon, Coho Salmon, hopealohi, cohozalm"
VSOO5,Oncorhynchus keta,WikiProject Invasion Biology,species,161976,"Calico salmon, chum salmon, Chum salmon, Chum Salmon, koiralohi, ketalaks, chum salmon, Chum salmon, Chum Salmon, koiralohi, ketalaks"
