col0,col1,col2,col3
Hua Thung,Hua Thung,Thailand,Tambon Council
Khon Chim,Khon Chim,Thailand,Tambon Council
Lahan Na,Lahan Na,Thailand,Tambon Council
Tha Wat,Tha Wat,Thailand,Tambon Council
Nong Song Hong,Nong Song Hong,Thailand,Tambon Council
Wang Saeng,Wang Saeng,Thailand,Tambon Council
Non Phayom,Non Phayom,Thailand,Tambon Council
