col0,col1,col2,col3
Crowdy,English,Crowdy,Crowdy
Stilgoe,English,Stilgoe,Stilgoe
Winehouse,English,Winehouse,Winehouse
Havilland,English,Havilland,Havilland
Gatcombe,English,Gatcombe,Gatcombe
Snowe,English,Snowe,Snowe
