col0,col1,col2,col3,col4
Urlați,Urlați,UTC+02:00,Urlați,6856
Plopeni,Plopeni,UTC+02:00,Plopeni,7718
Mizil,Mizil,UTC+02:00,Mizil,13864
Cehu Silvaniei,Cehu Silvaniei,UTC+02:00,Cehu Silvaniei,4873
Tălmaciu,Tălmaciu,UTC+02:00,Tălmaciu,5476
Tășnad,Tășnad,UTC+02:00,Tășnad,6781
Jibou,Jibou,UTC+02:00,Jibou,8751
Buziaș,Buziaș,UTC+02:00,Buziaș,4746
