col0,col1,col2,col3
John Anthony,John Anthony,John Anthony,John
James Newton,James Newton,James Newton,Newton
David Abraham,David Abraham,David Abraham,David
James Patrick,James Patrick,James Patrick,Patrick
